User_Id;Region;Device;Channel;Session_Start;SESSION_End
9,81449E+11;United States;iPhone;organic;01.05.2019 2:36;01.05.2019 2:45
2,78966E+11;United States;iPhone;organic;01.05.2019 4:46;01.05.2019 4:47
5,90706E+11;United States;Mac;organic;01.05.2019 14:09;01.05.2019 15:32
3,26434E+11;United States;Android;TipTop;01.05.2019 0:29;01.05.2019 0:54
3,49774E+11;United States;Mac;organic;01.05.2019 3:33;01.05.2019 3:57
43958116050;United States;Android;organic;01.05.2019 9:03;01.05.2019 10:08
1,85365E+11;United States;iPhone;organic;01.05.2019 9:37;01.05.2019 10:00
1,00971E+11;United States;Mac;TipTop;01.05.2019 4:39;01.05.2019 4:57
3,70456E+11;United States;iPhone;organic;01.05.2019 14:44;01.05.2019 15:41
1,41838E+11;United States;Mac;FaceBoom;01.05.2019 6:20;01.05.2019 6:54
9,24309E+11;United States;iPhone;organic;01.05.2019 20:03;01.05.2019 20:19
7,74938E+11;United States;iPhone;MediaTornado;01.05.2019 14:01;01.05.2019 14:29
2,44879E+11;United States;iPhone;MediaTornado;01.05.2019 1:59;01.05.2019 2:21
1,57877E+11;United States;Mac;organic;01.05.2019 10:25;01.05.2019 10:35
5,24629E+11;United States;Mac;organic;01.05.2019 17:06;01.05.2019 18:05
1,36227E+11;United States;PC;organic;01.05.2019 19:34;01.05.2019 19:39
6,84979E+11;United States;iPhone;TipTop;01.05.2019 1:51;01.05.2019 2:12
9,05776E+11;United States;iPhone;organic;01.05.2019 14:26;01.05.2019 14:35
15174034813;United States;iPhone;FaceBoom;01.05.2019 15:34;01.05.2019 15:56
1,88246E+11;United States;Android;FaceBoom;01.05.2019 23:09;01.05.2019 23:21
7,76888E+11;United States;iPhone;organic;01.05.2019 2:21;01.05.2019 2:29
1,71016E+11;United States;iPhone;organic;01.05.2019 4:29;01.05.2019 4:59
23110169785;United States;PC;organic;01.05.2019 18:09;01.05.2019 19:43
7,49745E+11;United States;Mac;organic;01.05.2019 16:44;01.05.2019 16:45
7,84885E+11;United States;iPhone;TipTop;01.05.2019 13:25;01.05.2019 14:39
7,16674E+11;United States;iPhone;organic;01.05.2019 16:34;01.05.2019 16:45
2,53136E+11;United States;iPhone;organic;01.05.2019 18:17;01.05.2019 18:50
2,8301E+11;United States;iPhone;organic;01.05.2019 13:49;01.05.2019 13:53
7,50734E+11;United States;Mac;organic;01.05.2019 11:25;01.05.2019 11:37
1,65309E+11;United States;Mac;organic;01.05.2019 17:53;01.05.2019 18:00
5,88499E+11;United States;Mac;organic;01.05.2019 16:32;01.05.2019 17:30
6,19069E+11;United States;Mac;organic;01.05.2019 10:04;01.05.2019 10:13
4,75327E+11;United States;PC;organic;01.05.2019 0:29;01.05.2019 2:46
7,62505E+11;United States;iPhone;MediaTornado;01.05.2019 7:57;01.05.2019 8:22
1,81067E+11;United States;Android;organic;01.05.2019 13:39;01.05.2019 13:52
4,74185E+11;United States;iPhone;organic;01.05.2019 16:38;01.05.2019 16:52
1,7268E+11;United States;Android;TipTop;01.05.2019 0:32;01.05.2019 0:38
9,57341E+11;United States;iPhone;organic;01.05.2019 15:32;01.05.2019 16:08
9,01644E+11;United States;Android;organic;01.05.2019 11:36;01.05.2019 11:40
2,229E+11;United States;PC;organic;01.05.2019 13:51;01.05.2019 15:00
3,55761E+11;United States;Mac;TipTop;01.05.2019 22:44;01.05.2019 23:11
3,31973E+11;United States;iPhone;organic;01.05.2019 15:01;01.05.2019 15:10
9,07002E+11;United States;iPhone;FaceBoom;01.05.2019 5:04;01.05.2019 5:19
66320894054;United States;Android;organic;01.05.2019 13:37;01.05.2019 14:22
19360341521;United States;Mac;TipTop;01.05.2019 4:55;01.05.2019 5:24
1,52152E+11;United States;Mac;organic;01.05.2019 13:33;01.05.2019 13:35
2,9382E+11;United States;iPhone;TipTop;01.05.2019 0:09;01.05.2019 0:31
3,22106E+11;United States;Android;organic;01.05.2019 14:03;01.05.2019 14:42
8,61642E+11;United States;iPhone;organic;01.05.2019 20:00;01.05.2019 20:15
57218022811;United States;PC;organic;01.05.2019 23:19;01.05.2019 23:29
4,8056E+11;United States;Android;TipTop;01.05.2019 13:22;01.05.2019 14:31
88533696308;United States;Android;organic;01.05.2019 11:09;01.05.2019 13:03
3,04104E+11;United States;Mac;organic;01.05.2019 17:59;01.05.2019 18:16
5,50402E+11;United States;iPhone;TipTop;01.05.2019 13:46;01.05.2019 13:51
2,82497E+11;United States;iPhone;organic;01.05.2019 5:51;01.05.2019 6:05
21864304848;United States;iPhone;organic;01.05.2019 11:29;01.05.2019 11:31
6,39354E+11;USA;PC;TipTop;01.05.2019 18:27;01.05.2019 19:08
5,93558E+11;United States;Mac;FaceBoom;01.05.2019 13:34;01.05.2019 14:16
2,26504E+11;United States;iPhone;FaceBoom;01.05.2019 7:54;01.05.2019 8:12
36896880072;United States;iPhone;TipTop;01.05.2019 22:40;01.05.2019 22:41
2,63748E+11;United States;MAC;FaceBoom;01.05.2019 12:13;01.05.2019 12:44
2,96303E+11;United States;iPhone;TipTop;01.05.2019 0:52;01.05.2019 0:58
3,4208E+11;United States;iPhone;organic;01.05.2019 23:25;01.05.2019 23:49
6637059910;United States;IPHONE;organic;01.05.2019 1:27;01.05.2019 1:44
8,67082E+11;United States;PC;organic;01.05.2019 14:34;01.05.2019 15:19
5,63117E+11;United States;Android;organic;01.05.2019 7:29;01.05.2019 8:22
7,63233E+11;United States;Android;FaceBoom;01.05.2019 16:07;01.05.2019 16:44
5,29449E+11;United States;Android;organic;01.05.2019 11:23;01.05.2019 11:45
7,52733E+11;United States;iPhone;organic;01.05.2019 18:13;01.05.2019 18:58
9,23784E+11;United States;Android;organic;01.05.2019 8:29;01.05.2019 9:01
6,9106E+11;United States;iPhone;MediaTornado;01.05.2019 10:46;01.05.2019 11:44
5,91411E+11;United States;IPHONE;organic;01.05.2019 11:39;01.05.2019 11:43
4,46944E+11;United States;Mac;FaceBoom;01.05.2019 12:17;01.05.2019 12:28
2,37641E+11;United States;Mac;organic;01.05.2019 16:30;01.05.2019 16:38
9,98144E+11;United States;Mac;FaceBoom;01.05.2019 4:11;01.05.2019 4:20
5,63779E+11;United States;iPhone;organic;01.05.2019 14:12;01.05.2019 14:34
5,79577E+11;United States;PC;TipTop;01.05.2019 23:59;02.05.2019 0:02
8,33721E+11;United States;iPhone;FaceBoom;01.05.2019 12:55;01.05.2019 13:08
9212743938;United States;Android;TipTop;01.05.2019 7:33;01.05.2019 9:24
6,48973E+11;United States;Mac;FaceBoom;01.05.2019 5:33;01.05.2019 5:49
7,01672E+11;United States;Mac;organic;01.05.2019 11:11;01.05.2019 11:39
4,99675E+11;United States;Mac;organic;01.05.2019 8:46;01.05.2019 8:54
1,0452E+11;United States;Mac;TipTop;01.05.2019 14:50;01.05.2019 15:09
6,78431E+11;United States;Mac;organic;01.05.2019 23:16;01.05.2019 23:25
2,22126E+11;United States;PC;FaceBoom;01.05.2019 20:14;01.05.2019 20:16
5,35535E+11;United States;Android;FaceBoom;01.05.2019 7:14;01.05.2019 7:59
1,72992E+11;United States;Android;organic;01.05.2019 23:30;01.05.2019 23:30
4,26699E+11;United States;PC;organic;01.05.2019 21:43;01.05.2019 22:48
9,28483E+11;United States;Mac;TipTop;01.05.2019 12:59;01.05.2019 13:31
7,0799E+11;United States;Android;organic;01.05.2019 22:48;02.05.2019 0:11
7,20111E+11;United States;iPhone;organic;01.05.2019 12:34;01.05.2019 13:33
7041371989;United States;iPhone;FaceBoom;01.05.2019 6:36;01.05.2019 6:45
2,53429E+11;United States;Android;organic;01.05.2019 9:31;01.05.2019 9:43
5,90649E+11;United States;iPhone;organic;01.05.2019 20:10;01.05.2019 20:47
8,5538E+11;United States;iPhone;MediaTornado;01.05.2019 14:57;01.05.2019 15:00
7,60706E+11;;;organic;01.05.2019 23:50;02.05.2019 2:29
7,79774E+11;United States;iPhone;MediaTornado;01.05.2019 2:52;01.05.2019 3:50
8,97474E+11;United States;Mac;organic;01.05.2019 13:37;01.05.2019 13:50
8,22775E+11;United States;iPhone;organic;01.05.2019 5:28;01.05.2019 5:33
8,75805E+11;United States;iPhone;FaceBoom;01.05.2019 11:03;01.05.2019 11:05
5,86499E+11;United States;Android;organic;01.05.2019 0:14;01.05.2019 0:21
5,2961E+11;United States;Mac;FaceBoom;01.05.2019 11:33;01.05.2019 11:51
6,52359E+11;United States;Mac;organic;01.05.2019 12:03;01.05.2019 13:13
34189933503;United States;iPhone;organic;01.05.2019 0:19;01.05.2019 0:20
6,52305E+11;United States;Mac;organic;01.05.2019 19:40;01.05.2019 20:17
3,50236E+11;United States;PC;TipTop;01.05.2019 18:56;01.05.2019 20:15
3,88128E+11;United States;Mac;organic;01.05.2019 19:01;01.05.2019 19:21
3,01452E+11;United States;iPhone;FaceBoom;01.05.2019 11:58;01.05.2019 12:22
1,34474E+11;United States;Mac;organic;01.05.2019 8:35;01.05.2019 9:32
3,12249E+11;United States;Mac;FaceBoom;01.05.2019 19:18;01.05.2019 19:46
6,02733E+11;United States;iPhone;TipTop;01.05.2019 18:07;01.05.2019 18:19
3,46019E+11;United States;iPhone;organic;01.05.2019 3:49;01.05.2019 4:01
7,19154E+11;United States;iPhone;organic;01.05.2019 15:13;01.05.2019 15:15
3,1994E+11;United States;Android;FaceBoom;01.05.2019 15:34;01.05.2019 16:15
3,66E+11;United States;iPhone;FaceBoom;01.05.2019 13:59;01.05.2019 15:04
8356573095;United States;iPhone;organic;01.05.2019 6:03;01.05.2019 7:36
6,145E+11;United States;iPhone;organic;01.05.2019 6:56;01.05.2019 7:25
5,42202E+11;United States;Mac;organic;01.05.2019 16:32;01.05.2019 16:50
8,9837E+11;United States;Android;organic;01.05.2019 16:37;01.05.2019 16:52
9,50346E+11;United States;iPhone;TipTop;01.05.2019 4:15;01.05.2019 4:18
5,93214E+11;United States;;organic;;
1,291E+11;United States;iPhone;TipTop;01.05.2019 1:56;01.05.2019 2:15
6,66126E+11;United States;iPhone;organic;01.05.2019 15:23;01.05.2019 15:58
4,44773E+11;United States;Mac;organic;01.05.2019 2:03;01.05.2019 3:07
9,9395E+11;United States;Mac;organic;01.05.2019 14:35;01.05.2019 14:48
7,65238E+11;United States;iPhone;TipTop;01.05.2019 19:18;01.05.2019 20:53
1,86114E+11;United States;iPhone;MediaTornado;01.05.2019 23:47;01.05.2019 23:52
8,62262E+11;United States;iPhone;FaceBoom;01.05.2019 15:22;01.05.2019 16:24
4,90076E+11;United States;Android;FaceBoom;01.05.2019 3:39;01.05.2019 4:25
8,57356E+11;United States;Mac;organic;01.05.2019 18:46;01.05.2019 18:52
7,85256E+11;United States;Android;organic;01.05.2019 17:52;01.05.2019 18:05
6,68162E+11;United States;iPhone;TipTop;01.05.2019 11:05;01.05.2019 11:45
6,26807E+11;United States;iPhone;organic;01.05.2019 2:37;01.05.2019 4:15
6,90797E+11;United States;Android;organic;01.05.2019 10:32;01.05.2019 11:33
1,60941E+11;United States;Android;organic;01.05.2019 10:13;01.05.2019 10:17
2,51466E+11;United States;Mac;organic;01.05.2019 23:05;01.05.2019 23:34
7,51165E+11;United States;iPhone;TipTop;01.05.2019 2:53;01.05.2019 2:56
9,70225E+11;United States;iPhone;organic;01.05.2019 21:01;01.05.2019 21:36
8,01954E+11;United States;PC;organic;01.05.2019 9:32;01.05.2019 10:08
4,33559E+11;United States;iPhone;organic;01.05.2019 19:43;01.05.2019 20:41
7,49289E+11;United States;iPhone;organic;01.05.2019 12:26;01.05.2019 12:28
9,35133E+11;United States;Android;TipTop;01.05.2019 1:58;01.05.2019 2:12
7,80108E+11;United States;iPhone;TipTop;;
9,50156E+11;United States;PC;organic;01.05.2019 6:20;01.05.2019 6:39
9,92236E+11;United States;iPhone;organic;01.05.2019 0:58;01.05.2019 1:00
6,01292E+11;United States;PC;organic;01.05.2019 6:56;01.05.2019 7:09
4,14096E+11;United States;PC;organic;01.05.2019 23:54;02.05.2019 0:44
9,14062E+11;United States;iPhone;organic;01.05.2019 2:02;01.05.2019 2:23
8,88975E+11;United States;PC;organic;01.05.2019 14:50;01.05.2019 16:51
48681240131;United States;Mac;organic;01.05.2019 6:55;01.05.2019 7:14
2,13779E+11;United States;PC;organic;01.05.2019 14:50;01.05.2019 14:52
7,38228E+11;United States;Mac;organic;01.05.2019 15:56;01.05.2019 17:07
2,65181E+11;United States;iPhone;MediaTornado;01.05.2019 22:21;01.05.2019 22:25
67486407139;United States;Android;organic;01.05.2019 3:05;01.05.2019 3:27
9,63074E+11;United States;Mac;organic;01.05.2019 23:31;02.05.2019 0:07
2,30427E+11;United States;iPhone;organic;01.05.2019 17:38;01.05.2019 17:56
2,75686E+11;United States;Android;TipTop;01.05.2019 21:50;01.05.2019 22:35
4,98608E+11;United States;PC;FaceBoom;01.05.2019 16:21;01.05.2019 16:38
7,78028E+11;United States;iPhone;TipTop;01.05.2019 20:57;01.05.2019 21:49
6,3097E+11;United States;Android;TipTop;01.05.2019 17:32;01.05.2019 17:34
1,79085E+11;United States;Mac;organic;01.05.2019 7:27;01.05.2019 7:49
2,09521E+11;United States;Mac;TipTop;01.05.2019 16:53;01.05.2019 17:08
5,32981E+11;United States;iPhone;FaceBoom;01.05.2019 9:05;01.05.2019 9:12
2,66796E+11;United States;iPhone;organic;01.05.2019 19:24;01.05.2019 20:51
5,7E+11;United States;Android;organic;01.05.2019 21:40;01.05.2019 22:44
7,81681E+11;United States;Mac;organic;01.05.2019 20:21;01.05.2019 20:39
8,45828E+11;United States;iPhone;FaceBoom;01.05.2019 0:35;01.05.2019 2:07
1,937E+11;United States;Android;organic;01.05.2019 17:28;01.05.2019 17:31
18854267236;United States;iPhone;organic;01.05.2019 0:46;01.05.2019 0:59
71021174060;United States;Android;organic;01.05.2019 16:11;01.05.2019 16:27
5400720363;United States;iPhone;organic;01.05.2019 22:47;01.05.2019 22:57
1,87106E+11;United States;iPhone;TipTop;01.05.2019 17:06;01.05.2019 17:07
1,27356E+11;United States;Mac;organic;01.05.2019 23:06;01.05.2019 23:25
7,80417E+11;United States;Android;FaceBoom;01.05.2019 20:22;01.05.2019 21:23
3,98457E+11;United States;iPhone;FaceBoom;01.05.2019 1:25;01.05.2019 1:38
3,27927E+11;United States;Mac;organic;01.05.2019 19:19;01.05.2019 19:22
9,08247E+11;United States;iPhone;organic;01.05.2019 3:37;01.05.2019 4:11
1,03492E+11;United States;Mac;organic;01.05.2019 21:44;01.05.2019 21:58
6,54098E+11;United States;Mac;FaceBoom;01.05.2019 2:51;01.05.2019 3:10
10404332026;United States;Mac;organic;01.05.2019 0:18;01.05.2019 0:36
4,23782E+11;United States;PC;organic;01.05.2019 0:25;01.05.2019 1:36
2,22738E+11;United States;PC;organic;01.05.2019 9:48;01.05.2019 10:16
7,36133E+11;United States;Mac;organic;01.05.2019 1:54;01.05.2019 2:31
5,18171E+11;United States;iPhone;organic;01.05.2019 5:59;01.05.2019 6:18
1,8224E+11;United States;Android;organic;01.05.2019 0:59;01.05.2019 1:53
4,34199E+11;United States;iPhone;organic;01.05.2019 18:16;01.05.2019 18:53
6,38584E+11;United States;iPhone;TipTop;01.05.2019 15:25;01.05.2019 15:26
4,87312E+11;United States;iPhone;TipTop;01.05.2019 22:08;01.05.2019 23:11
8,19045E+11;United States;iPhone;organic;01.05.2019 8:45;01.05.2019 10:03
1,86031E+11;United States;Android;FaceBoom;01.05.2019 11:09;01.05.2019 11:26
8,97341E+11;United States;iPhone;organic;01.05.2019 12:38;01.05.2019 13:02
2,31861E+11;United States;iPhone;TipTop;01.05.2019 13:00;01.05.2019 13:22
68001516295;United States;Mac;organic;01.05.2019 1:11;01.05.2019 1:23
7,47288E+11;United States;Android;organic;01.05.2019 10:32;01.05.2019 10:49
3,81233E+11;United States;PC;organic;01.05.2019 18:02;01.05.2019 18:14
64868737546;United States;iPhone;FaceBoom;01.05.2019 9:05;01.05.2019 9:34
4,65195E+11;United States;Mac;organic;01.05.2019 13:43;01.05.2019 14:36
2,27136E+11;United States;Mac;organic;01.05.2019 6:18;01.05.2019 7:06
4,78571E+11;United States;iPhone;organic;01.05.2019 18:37;01.05.2019 18:49
2,19567E+11;United States;Mac;organic;01.05.2019 8:25;01.05.2019 10:20
7018967756;United States;Android;organic;01.05.2019 2:06;01.05.2019 2:36
5,99423E+11;United States;iPhone;organic;01.05.2019 5:40;01.05.2019 5:42
46064941012;United States;iPhone;organic;01.05.2019 19:07;01.05.2019 19:12
9,19048E+11;United States;iPhone;organic;01.05.2019 8:44;01.05.2019 9:16
3,21036E+11;United States;Android;organic;01.05.2019 19:25;01.05.2019 19:26
9,80995E+11;United States;iPhone;organic;01.05.2019 20:27;01.05.2019 20:46
3,80566E+11;United States;PC;organic;01.05.2019 6:27;01.05.2019 6:39
2,72078E+11;United States;Mac;organic;01.05.2019 4:56;01.05.2019 4:59
45542906349;United States;Android;FaceBoom;01.05.2019 3:20;01.05.2019 3:40
1,7304E+11;United States;iPhone;organic;01.05.2019 18:36;01.05.2019 18:43
9,68224E+11;United States;iPhone;organic;01.05.2019 6:39;01.05.2019 7:40
6,65509E+11;United States;Android;organic;01.05.2019 5:34;01.05.2019 5:50
6,9271E+11;United States;Android;organic;01.05.2019 22:44;01.05.2019 22:50
9,97724E+11;United States;iPhone;organic;01.05.2019 6:44;01.05.2019 6:49
2,39372E+11;United States;iPhone;organic;01.05.2019 11:07;01.05.2019 11:27
7,69054E+11;United States;Android;organic;01.05.2019 17:38;01.05.2019 18:10
7,62955E+11;United States;Android;FaceBoom;01.05.2019 5:26;01.05.2019 5:28
4,7842E+11;United States;Mac;organic;01.05.2019 6:52;01.05.2019 7:12
3,44855E+11;United States;PC;organic;01.05.2019 6:02;01.05.2019 6:02
2,13379E+11;United States;PC;organic;01.05.2019 1:49;01.05.2019 2:08
4,68827E+11;United States;PC;organic;01.05.2019 22:05;01.05.2019 22:10
7,796E+11;United States;iPhone;MediaTornado;01.05.2019 4:55;01.05.2019 5:18
3,82064E+11;United States;iPhone;TipTop;01.05.2019 18:32;01.05.2019 18:41
4,51515E+11;United States;PC;organic;01.05.2019 20:56;01.05.2019 21:02
5,6054E+11;United States;Mac;organic;01.05.2019 7:23;01.05.2019 7:33
1,14266E+11;United States;PC;organic;01.05.2019 12:57;01.05.2019 13:00
8,46286E+11;United States;PC;FaceBoom;01.05.2019 13:13;01.05.2019 13:29
6,11753E+11;United States;iPhone;TipTop;01.05.2019 1:28;01.05.2019 1:41
2,09848E+11;United States;iPhone;FaceBoom;01.05.2019 2:17;01.05.2019 2:20
20113809617;United States;iPhone;MediaTornado;01.05.2019 18:27;01.05.2019 18:29
2,38255E+11;United States;Mac;organic;01.05.2019 15:47;01.05.2019 16:04
64474110919;United States;iPhone;organic;01.05.2019 2:21;01.05.2019 2:38
6,17324E+11;United States;iPhone;FaceBoom;01.05.2019 20:47;01.05.2019 20:48
68752468250;United States;iPhone;FaceBoom;01.05.2019 20:25;01.05.2019 21:07
9,27823E+11;United States;Mac;FaceBoom;01.05.2019 20:16;01.05.2019 20:43
5,40188E+11;United States;iPhone;organic;01.05.2019 21:21;01.05.2019 22:45
4,46314E+11;United States;PC;FaceBoom;01.05.2019 8:46;01.05.2019 9:19
6,15207E+11;United States;Mac;organic;01.05.2019 15:37;01.05.2019 16:11
30904692333;United States;Android;organic;01.05.2019 5:18;01.05.2019 5:27
2,17123E+11;United States;Android;FaceBoom;01.05.2019 16:47;01.05.2019 17:40
5,87083E+11;United States;iPhone;organic;01.05.2019 8:19;01.05.2019 8:31
1,74581E+11;United States;PC;organic;01.05.2019 10:28;01.05.2019 10:53
4,60758E+11;United States;iPhone;organic;01.05.2019 19:07;01.05.2019 19:13
8,0588E+11;United States;Mac;TipTop;01.05.2019 16:18;01.05.2019 16:19
4,31649E+11;United States;iPhone;TipTop;01.05.2019 14:25;01.05.2019 14:43
2,30021E+11;United States;iPhone;organic;01.05.2019 8:56;01.05.2019 9:42
6,24063E+11;United States;iPhone;organic;01.05.2019 7:16;01.05.2019 8:15
3,34225E+11;United States;Android;organic;01.05.2019 0:14;01.05.2019 0:36
8,85167E+11;United States;iPhone;organic;01.05.2019 0:06;01.05.2019 0:19
5,70568E+11;United States;Mac;organic;01.05.2019 22:55;01.05.2019 23:34
6,84325E+11;United States;iPhone;FaceBoom;01.05.2019 8:21;01.05.2019 8:24
7,00535E+11;United States;PC;organic;01.05.2019 16:42;01.05.2019 17:06
3,24636E+11;United States;Android;MediaTornado;01.05.2019 3:45;01.05.2019 4:09
4,77754E+11;United States;Mac;organic;01.05.2019 10:40;01.05.2019 10:47
6,00651E+11;United States;Mac;organic;01.05.2019 13:08;01.05.2019 14:41
2,24183E+11;United States;Mac;MediaTornado;01.05.2019 2:26;01.05.2019 3:06
8,73417E+11;United States;iPhone;FaceBoom;01.05.2019 2:32;01.05.2019 3:46
8,41448E+11;United States;iPhone;FaceBoom;01.05.2019 18:19;01.05.2019 18:46
6,06547E+11;United States;iPhone;MediaTornado;01.05.2019 5:06;01.05.2019 5:50
1,50118E+11;United States;Mac;FaceBoom;01.05.2019 23:46;02.05.2019 1:20
9,84009E+11;United States;PC;organic;01.05.2019 21:18;01.05.2019 21:21
8,6826E+11;United States;iPhone;TipTop;01.05.2019 19:26;01.05.2019 19:45
56341587682;United States;iPhone;organic;01.05.2019 9:54;01.05.2019 10:10
1,19151E+11;United States;Mac;organic;01.05.2019 20:40;01.05.2019 20:55
5,00111E+11;United States;Mac;organic;01.05.2019 2:12;01.05.2019 2:27
2,10616E+11;United States;Android;FaceBoom;01.05.2019 3:56;01.05.2019 4:18
73293616521;United States;iPhone;TipTop;01.05.2019 21:30;01.05.2019 22:18
9,4624E+11;United States;iPhone;FaceBoom;01.05.2019 21:11;01.05.2019 21:36
6,91915E+11;United States;Android;TipTop;01.05.2019 12:11;01.05.2019 12:58
4,27067E+11;United States;Mac;FaceBoom;01.05.2019 6:54;01.05.2019 7:00
8,31718E+11;United States;iPhone;TipTop;01.05.2019 21:53;01.05.2019 23:36
2,75372E+11;United States;Mac;organic;01.05.2019 13:37;01.05.2019 13:46
59058997486;United States;PC;TipTop;01.05.2019 11:00;01.05.2019 11:28
5,12251E+11;United States;Mac;organic;01.05.2019 1:38;01.05.2019 1:55
9,09284E+11;United States;PC;organic;01.05.2019 22:05;01.05.2019 23:15
3,29324E+11;United States;iPhone;FaceBoom;01.05.2019 5:15;01.05.2019 5:29
3,06581E+11;United States;Mac;organic;01.05.2019 4:18;01.05.2019 4:31
8,16214E+11;United States;Mac;organic;01.05.2019 20:44;01.05.2019 20:50
36887497860;United States;iPhone;organic;01.05.2019 20:55;01.05.2019 21:59
25586955627;United States;Mac;organic;01.05.2019 22:00;01.05.2019 22:34
8,17725E+11;United States;iPhone;TipTop;01.05.2019 13:58;01.05.2019 14:03
8,1282E+11;United States;iPhone;organic;01.05.2019 23:33;01.05.2019 23:55
4,93234E+11;United States;Mac;organic;01.05.2019 14:33;01.05.2019 14:52
7,74938E+11;United States;iPhone;MediaTornado;02.05.2019 21:56;02.05.2019 21:58
2,44879E+11;United States;iPhone;MediaTornado;02.05.2019 21:01;02.05.2019 21:08
7,84885E+11;United States;iPhone;TipTop;02.05.2019 6:30;02.05.2019 6:36
2,53136E+11;United States;iPhone;organic;02.05.2019 7:03;02.05.2019 7:13
5,88499E+11;United States;Mac;organic;02.05.2019 12:59;02.05.2019 13:49
1,81067E+11;United States;Android;MediaTornado;02.05.2019 1:22;02.05.2019 1:26
1,7268E+11;United States;Android;TipTop;02.05.2019 23:53;02.05.2019 23:57
3,55761E+11;United States;Mac;TipTop;02.05.2019 8:08;02.05.2019 8:34
3,31973E+11;United States;iPhone;organic;02.05.2019 4:12;02.05.2019 4:26
2,9382E+11;United States;iPhone;TipTop;02.05.2019 21:59;02.05.2019 22:29
8,61642E+11;United States;iPhone;organic;02.05.2019 23:30;02.05.2019 23:56
4,8056E+11;United States;Android;TipTop;02.05.2019 16:59;02.05.2019 17:20
6,39354E+11;United States;PC;TipTop;02.05.2019 15:17;02.05.2019 15:44
5,93558E+11;United States;Mac;FaceBoom;02.05.2019 3:04;02.05.2019 3:32
6637059910;United States;iPhone;organic;02.05.2019 10:02;02.05.2019 10:16
8,67082E+11;United States;iPhone;organic;02.05.2019 23:29;02.05.2019 23:57
2,22126E+11;United States;PC;FaceBoom;02.05.2019 21:37;02.05.2019 22:48
1,72992E+11;United States;Android;organic;02.05.2019 19:30;02.05.2019 19:36
9,28483E+11;United States;Mac;TipTop;02.05.2019 5:06;02.05.2019 5:12
5,2961E+11;United States;Mac;FaceBoom;02.05.2019 10:41;02.05.2019 10:59
3,50236E+11;United States;PC;TipTop;02.05.2019 16:24;02.05.2019 16:48
5,42202E+11;United States;Mac;organic;02.05.2019 4:17;02.05.2019 4:19
8,9837E+11;United States;Android;organic;02.05.2019 11:13;02.05.2019 12:02
6,66126E+11;United States;iPhone;organic;02.05.2019 5:19;02.05.2019 5:28
1,86114E+11;United States;iPhone;MediaTornado;02.05.2019 19:27;02.05.2019 20:13
7,51165E+11;United States;iPhone;TipTop;02.05.2019 21:16;02.05.2019 22:25
8,01954E+11;United States;iPhone;organic;02.05.2019 1:23;02.05.2019 2:05
3,8231E+11;United States;Mac;MediaTornado;02.05.2019 23:53;03.05.2019 0:01
4,14096E+11;United States;PC;organic;02.05.2019 7:41;02.05.2019 9:01
7,38228E+11;United States;Mac;organic;02.05.2019 6:16;02.05.2019 6:27
2,65181E+11;United States;iPhone;MediaTornado;02.05.2019 10:40;02.05.2019 11:10
67486407139;United States;Android;organic;02.05.2019 21:39;02.05.2019 22:01
2,75686E+11;United States;Android;TipTop;02.05.2019 14:26;02.05.2019 14:27
4,98608E+11;United States;PC;FaceBoom;02.05.2019 10:44;02.05.2019 10:57
7,78028E+11;United States;iPhone;TipTop;02.05.2019 20:56;02.05.2019 21:29
6,3097E+11;United States;Android;TipTop;02.05.2019 0:46;02.05.2019 1:32
1,79085E+11;United States;Mac;organic;02.05.2019 16:34;02.05.2019 16:49
2,66796E+11;United States;iPhone;organic;02.05.2019 23:44;02.05.2019 23:45
18854267236;United States;iPhone;organic;02.05.2019 19:53;02.05.2019 20:26
71021174060;United States;Android;organic;02.05.2019 12:11;02.05.2019 12:33
5400720363;United States;iPhone;organic;02.05.2019 13:18;02.05.2019 13:38
3,27927E+11;United States;Mac;organic;02.05.2019 2:54;02.05.2019 4:18
10404332026;United States;Mac;organic;02.05.2019 12:58;02.05.2019 13:48
4,23782E+11;United States;PC;organic;02.05.2019 5:02;02.05.2019 6:35
4,34199E+11;United States;iPhone;organic;02.05.2019 21:01;02.05.2019 21:11
6,38584E+11;United States;iPhone;TipTop;02.05.2019 15:28;02.05.2019 15:53
8,19045E+11;United States;iPhone;organic;02.05.2019 0:45;02.05.2019 0:59
1,86031E+11;United States;Android;FaceBoom;02.05.2019 19:22;02.05.2019 19:54
8,97341E+11;United States;iPhone;organic;02.05.2019 20:16;02.05.2019 20:38
7,47288E+11;United States;Android;organic;02.05.2019 11:02;02.05.2019 12:50
3,81233E+11;United States;PC;organic;02.05.2019 8:37;02.05.2019 8:58
5,99423E+11;United States;iPhone;organic;02.05.2019 20:44;02.05.2019 21:37
46064941012;United States;iPhone;organic;02.05.2019 22:28;02.05.2019 22:48
3,21036E+11;United States;Android;organic;02.05.2019 13:18;02.05.2019 13:49
2,72078E+11;United States;Mac;organic;02.05.2019 17:56;02.05.2019 18:21
9,68224E+11;United States;iPhone;organic;02.05.2019 6:43;02.05.2019 7:03
9,97724E+11;United States;iPhone;TipTop;02.05.2019 4:24;02.05.2019 4:46
2,13379E+11;United States;PC;organic;02.05.2019 21:18;02.05.2019 21:46
4,68827E+11;United States;PC;organic;02.05.2019 7:42;02.05.2019 8:49
3,82064E+11;United States;iPhone;TipTop;02.05.2019 9:40;02.05.2019 10:11
6,11753E+11;United States;iPhone;TipTop;02.05.2019 8:54;02.05.2019 9:33
2,09848E+11;United States;iPhone;organic;02.05.2019 22:03;02.05.2019 22:19
2,38255E+11;United States;Mac;organic;02.05.2019 12:48;02.05.2019 13:08
9,27823E+11;United States;Mac;FaceBoom;02.05.2019 20:42;02.05.2019 21:28
5,40188E+11;United States;iPhone;organic;02.05.2019 7:07;02.05.2019 7:08
1,74581E+11;United States;PC;organic;02.05.2019 1:57;02.05.2019 2:16
4,31649E+11;United States;iPhone;TipTop;02.05.2019 12:32;02.05.2019 12:34
3,34225E+11;United States;Android;organic;02.05.2019 5:54;02.05.2019 6:27
7,00535E+11;United States;PC;organic;02.05.2019 17:11;02.05.2019 18:00
2,24183E+11;United States;Mac;MediaTornado;02.05.2019 2:18;02.05.2019 3:04
1,50118E+11;United States;Mac;FaceBoom;02.05.2019 10:05;02.05.2019 11:04
8,31718E+11;United States;iPhone;TipTop;02.05.2019 23:11;02.05.2019 23:49
2,73493E+11;United States;iPhone;organic;02.05.2019 6:14;02.05.2019 6:58
3,53725E+11;United States;Android;TipTop;02.05.2019 13:53;02.05.2019 13:58
5,57555E+11;United States;iPhone;FaceBoom;02.05.2019 20:46;02.05.2019 21:57
8,72148E+11;United States;Android;MediaTornado;02.05.2019 8:18;02.05.2019 9:10
9,31936E+11;United States;Mac;organic;02.05.2019 19:42;02.05.2019 20:20
25732375218;United States;Mac;FaceBoom;02.05.2019 19:41;02.05.2019 19:46
9,29409E+11;United States;PC;organic;02.05.2019 0:44;02.05.2019 1:18
1,10865E+11;United States;Mac;organic;02.05.2019 4:22;02.05.2019 5:04
2,29427E+11;United States;Android;organic;02.05.2019 17:24;02.05.2019 18:47
4,26072E+11;United States;iPhone;FaceBoom;02.05.2019 16:31;02.05.2019 17:39
8,08505E+11;United States;PC;FaceBoom;02.05.2019 23:08;02.05.2019 23:25
6,86573E+11;United States;Android;TipTop;02.05.2019 12:12;02.05.2019 12:26
3,17751E+11;United States;Mac;MediaTornado;02.05.2019 5:51;02.05.2019 6:02
5,55066E+11;United States;PC;TipTop;02.05.2019 9:47;02.05.2019 10:30
9,98513E+11;United States;iPhone;organic;02.05.2019 10:52;02.05.2019 11:00
3,3512E+11;United States;iPhone;organic;02.05.2019 12:12;02.05.2019 13:22
1,92788E+11;United States;iPhone;organic;02.05.2019 17:38;02.05.2019 17:43
1,43121E+11;United States;Mac;FaceBoom;02.05.2019 13:05;02.05.2019 13:23
8,99651E+11;United States;Mac;organic;02.05.2019 8:28;02.05.2019 9:08
9,85669E+11;United States;Mac;organic;02.05.2019 15:08;02.05.2019 15:14
23288059743;United States;Mac;organic;02.05.2019 6:04;02.05.2019 6:45
5,83593E+11;United States;Android;organic;02.05.2019 2:44;02.05.2019 2:55
8,81948E+11;United States;Android;MediaTornado;02.05.2019 17:35;02.05.2019 17:48
9,07274E+11;United States;Android;FaceBoom;02.05.2019 6:45;02.05.2019 7:37
7,11033E+11;United States;Mac;organic;02.05.2019 10:46;02.05.2019 10:54
8,69845E+11;United States;iPhone;organic;02.05.2019 20:10;02.05.2019 20:25
9,10963E+11;United States;Android;FaceBoom;02.05.2019 20:08;02.05.2019 20:30
1,55077E+11;United States;PC;organic;02.05.2019 19:26;02.05.2019 19:37
8,52899E+11;United States;Mac;FaceBoom;02.05.2019 6:50;02.05.2019 7:15
2,06727E+11;United States;Mac;TipTop;02.05.2019 20:57;02.05.2019 22:04
7,59456E+11;United States;iPhone;organic;02.05.2019 20:05;02.05.2019 20:49
4,82867E+11;United States;iPhone;organic;02.05.2019 1:10;02.05.2019 1:37
4,62973E+11;United States;Android;organic;02.05.2019 16:14;02.05.2019 16:44
9,54278E+11;United States;Mac;organic;02.05.2019 17:00;02.05.2019 17:29
9,60279E+11;United States;Android;organic;02.05.2019 22:38;02.05.2019 22:49
1,03677E+11;United States;Mac;organic;02.05.2019 4:27;02.05.2019 4:35
9,42237E+11;United States;Mac;organic;02.05.2019 6:42;02.05.2019 7:26
5,15414E+11;United States;iPhone;organic;02.05.2019 22:31;02.05.2019 23:27
3,24306E+11;United States;Mac;organic;02.05.2019 10:40;02.05.2019 11:11
7,48577E+11;United States;iPhone;TipTop;02.05.2019 14:46;02.05.2019 15:33
4,2877E+11;United States;iPhone;organic;02.05.2019 5:41;02.05.2019 5:59
5,01991E+11;United States;PC;FaceBoom;02.05.2019 17:05;02.05.2019 19:22
7,84328E+11;United States;Android;organic;02.05.2019 17:05;02.05.2019 17:50
2,24708E+11;United States;iPhone;organic;02.05.2019 19:33;02.05.2019 20:04
6,82832E+11;United States;iPhone;organic;02.05.2019 17:32;02.05.2019 17:42
6,18859E+11;United States;PC;organic;02.05.2019 13:33;02.05.2019 13:53
7,70276E+11;United States;Mac;organic;02.05.2019 1:13;02.05.2019 2:04
6,78937E+11;United States;PC;TipTop;02.05.2019 0:22;02.05.2019 0:33
3,85089E+11;United States;iPhone;TipTop;02.05.2019 20:04;02.05.2019 20:14
6,31282E+11;United States;iPhone;organic;02.05.2019 12:30;02.05.2019 13:17
1,37885E+11;United States;Android;organic;02.05.2019 11:13;02.05.2019 11:21
2,97088E+11;United States;iPhone;organic;02.05.2019 0:50;02.05.2019 5:12
1,63781E+11;United States;Mac;TipTop;02.05.2019 20:54;02.05.2019 21:04
7,63901E+11;United States;iPhone;MediaTornado;02.05.2019 23:25;02.05.2019 23:55
7,51932E+11;United States;iPhone;organic;02.05.2019 7:15;02.05.2019 7:17
8,58216E+11;United States;Android;organic;02.05.2019 4:53;02.05.2019 5:17
7,44624E+11;United States;iPhone;organic;02.05.2019 2:08;02.05.2019 2:35
5,43407E+11;United States;iPhone;organic;02.05.2019 0:42;02.05.2019 0:48
4,88256E+11;United States;Mac;organic;02.05.2019 16:09;02.05.2019 17:33
6,92719E+11;United States;Mac;organic;02.05.2019 12:48;02.05.2019 14:06
2,68756E+11;United States;Android;organic;02.05.2019 12:55;02.05.2019 13:00
5,82648E+11;United States;iPhone;organic;02.05.2019 6:18;02.05.2019 6:23
1,33094E+11;United States;Android;TipTop;02.05.2019 6:26;02.05.2019 7:30
6,1474E+11;United States;Android;organic;02.05.2019 10:28;02.05.2019 11:42
6,482E+11;United States;iPhone;organic;02.05.2019 0:00;02.05.2019 0:04
2,05181E+11;United States;iPhone;organic;02.05.2019 12:49;02.05.2019 13:03
2,21843E+11;United States;iPhone;FaceBoom;02.05.2019 13:37;02.05.2019 13:44
7,83308E+11;United States;PC;organic;02.05.2019 2:24;02.05.2019 2:26
2,32646E+11;United States;iPhone;organic;02.05.2019 20:57;02.05.2019 21:28
59058997486;United States;PC;TipTop;02.05.2019 14:28;02.05.2019 15:51
36887497860;United States;iPhone;organic;02.05.2019 13:51;02.05.2019 14:02
25586955627;United States;Mac;organic;02.05.2019 0:30;02.05.2019 0:45
6,53463E+11;United States;Mac;MediaTornado;02.05.2019 9:00;02.05.2019 9:35
5,67448E+11;United States;iPhone;FaceBoom;02.05.2019 10:28;02.05.2019 10:53
5,81296E+11;United States;Android;organic;02.05.2019 2:54;02.05.2019 2:56
32302092319;United States;iPhone;TipTop;02.05.2019 22:59;02.05.2019 23:26
3,16336E+11;United States;PC;FaceBoom;02.05.2019 18:45;02.05.2019 19:05
6,83324E+11;United States;PC;organic;02.05.2019 3:11;02.05.2019 3:14
5,32486E+11;United States;Mac;organic;02.05.2019 0:58;02.05.2019 1:41
9,47129E+11;United States;iPhone;organic;02.05.2019 22:40;02.05.2019 22:56
9,33017E+11;United States;Mac;TipTop;02.05.2019 4:25;02.05.2019 4:37
84799650366;United States;iPhone;TipTop;02.05.2019 4:29;02.05.2019 4:30
44402090548;United States;iPhone;organic;02.05.2019 14:52;02.05.2019 15:03
3,25963E+11;United States;Mac;organic;02.05.2019 22:26;02.05.2019 22:30
5,33345E+11;United States;Android;organic;02.05.2019 8:17;02.05.2019 8:27
3,71925E+11;United States;Mac;organic;02.05.2019 4:10;02.05.2019 4:42
1,03842E+11;United States;Mac;MediaTornado;02.05.2019 6:41;02.05.2019 7:06
7,28713E+11;United States;iPhone;organic;02.05.2019 1:40;02.05.2019 1:46
4,74831E+11;United States;iPhone;organic;02.05.2019 11:04;02.05.2019 11:10
7,8445E+11;United States;PC;organic;02.05.2019 3:42;02.05.2019 4:14
7,92707E+11;United States;Android;organic;02.05.2019 17:28;02.05.2019 17:45
1,82632E+11;United States;iPhone;organic;02.05.2019 18:44;02.05.2019 18:47
3,21546E+11;United States;Mac;organic;02.05.2019 4:57;02.05.2019 5:43
6,52838E+11;United States;Android;TipTop;02.05.2019 1:28;02.05.2019 2:06
8,50426E+11;United States;Android;organic;02.05.2019 22:25;02.05.2019 22:49
2,44665E+11;United States;Android;organic;02.05.2019 1:39;02.05.2019 1:46
2,14111E+11;United States;iPhone;FaceBoom;02.05.2019 5:54;02.05.2019 5:58
9,72286E+11;United States;iPhone;organic;02.05.2019 12:49;02.05.2019 13:10
8,08026E+11;United States;iPhone;organic;02.05.2019 7:09;02.05.2019 7:58
1,85943E+11;United States;Android;organic;02.05.2019 4:11;02.05.2019 5:33
4,25357E+11;United States;Android;FaceBoom;02.05.2019 16:32;02.05.2019 16:55
3,9984E+11;United States;PC;organic;02.05.2019 17:50;02.05.2019 18:08
3,2053E+11;United States;Mac;organic;02.05.2019 5:40;02.05.2019 6:08
1,0252E+11;United States;iPhone;organic;02.05.2019 15:45;02.05.2019 16:31
6,90714E+11;United States;iPhone;organic;02.05.2019 10:07;02.05.2019 10:32
9,26983E+11;United States;Android;organic;02.05.2019 13:23;02.05.2019 14:40
6,95195E+11;United States;Android;organic;02.05.2019 12:23;02.05.2019 13:46
2,3351E+11;United States;iPhone;organic;02.05.2019 3:55;02.05.2019 4:11
74933624867;United States;Mac;organic;02.05.2019 10:16;02.05.2019 10:24
5,71391E+11;United States;Mac;FaceBoom;02.05.2019 9:40;02.05.2019 10:10
8,25019E+11;United States;iPhone;MediaTornado;02.05.2019 3:55;02.05.2019 4:37
9,43329E+11;United States;iPhone;FaceBoom;02.05.2019 23:58;03.05.2019 0:13
2,40702E+11;United States;Mac;FaceBoom;02.05.2019 14:04;02.05.2019 14:09
1,65507E+11;United States;PC;organic;02.05.2019 7:05;02.05.2019 7:13
9,67708E+11;United States;Mac;organic;02.05.2019 17:13;02.05.2019 17:33
1,29463E+11;United States;PC;organic;02.05.2019 14:27;02.05.2019 15:18
9,46007E+11;United States;Mac;organic;02.05.2019 23:23;02.05.2019 23:53
4,89517E+11;United States;iPhone;FaceBoom;02.05.2019 3:18;02.05.2019 3:40
4,60979E+11;United States;iPhone;organic;02.05.2019 7:39;02.05.2019 8:20
1,54201E+11;United States;Android;FaceBoom;02.05.2019 8:35;02.05.2019 9:57
4,13985E+11;United States;iPhone;organic;02.05.2019 18:38;02.05.2019 18:50
7,47891E+11;United States;Mac;organic;02.05.2019 2:30;02.05.2019 3:53
4,58282E+11;United States;Mac;organic;02.05.2019 13:29;02.05.2019 14:29
9,06051E+11;United States;iPhone;TipTop;02.05.2019 0:52;02.05.2019 1:17
8,15797E+11;United States;Mac;TipTop;02.05.2019 2:19;02.05.2019 2:29
1,79085E+11;United States;Mac;organic;01.05.2019 7:27;01.05.2019 7:49
1,79085E+11;United States;Mac;organic;01.05.2019 7:27;01.05.2019 7:49
3,71097E+11;United States;PC;MediaTornado;02.05.2019 2:09;02.05.2019 2:19
9,87123E+11;United States;Android;organic;02.05.2019 22:14;02.05.2019 22:49
6,84791E+11;United States;iPhone;organic;02.05.2019 7:35;02.05.2019 7:50
2,64651E+11;United States;iPhone;organic;02.05.2019 12:20;02.05.2019 12:36
4,29896E+11;United States;iPhone;organic;02.05.2019 1:50;02.05.2019 1:59
5,30805E+11;United States;iPhone;FaceBoom;02.05.2019 19:12;02.05.2019 19:17
3,91268E+11;United States;PC;FaceBoom;02.05.2019 20:22;02.05.2019 20:29
6,96428E+11;United States;Mac;FaceBoom;02.05.2019 4:22;02.05.2019 4:30
6,2176E+11;United States;Android;organic;02.05.2019 6:50;02.05.2019 8:26
7,98801E+11;United States;iPhone;organic;02.05.2019 2:03;02.05.2019 2:15
7,6603E+11;United States;iPhone;organic;02.05.2019 3:36;02.05.2019 4:30
71310958837;United States;iPhone;FaceBoom;02.05.2019 0:42;02.05.2019 2:18
2,15931E+11;United States;iPhone;MediaTornado;02.05.2019 8:45;02.05.2019 9:15
9,17992E+11;United States;Android;organic;02.05.2019 4:13;02.05.2019 4:23
9,24394E+11;United States;Mac;organic;02.05.2019 22:11;02.05.2019 22:34
6,35038E+11;United States;iPhone;organic;02.05.2019 13:55;02.05.2019 14:29
6,78252E+11;United States;Android;organic;02.05.2019 22:44;02.05.2019 23:11
1,97763E+11;United States;iPhone;organic;02.05.2019 2:27;02.05.2019 3:16
45476599272;United States;iPhone;organic;02.05.2019 14:35;02.05.2019 15:04
9,01246E+11;United States;PC;FaceBoom;02.05.2019 23:26;02.05.2019 23:28
7,83757E+11;United States;Android;FaceBoom;02.05.2019 19:59;02.05.2019 20:32
6,63154E+11;United States;PC;organic;02.05.2019 20:40;02.05.2019 21:16
4,43807E+11;United States;iPhone;FaceBoom;02.05.2019 10:55;02.05.2019 11:32
9,77892E+11;United States;iPhone;organic;02.05.2019 6:11;02.05.2019 6:23
9,29745E+11;United States;PC;TipTop;02.05.2019 9:33;02.05.2019 10:15
5,67063E+11;United States;iPhone;organic;02.05.2019 22:22;02.05.2019 22:31
2,80533E+11;United States;Android;FaceBoom;02.05.2019 6:12;02.05.2019 6:40
9,59109E+11;United States;Android;TipTop;02.05.2019 14:36;02.05.2019 14:37
8,6071E+11;United States;iPhone;organic;02.05.2019 14:22;02.05.2019 14:23
91707550199;United States;Mac;organic;02.05.2019 19:58;02.05.2019 20:59
2,16379E+11;United States;Mac;TipTop;02.05.2019 23:51;02.05.2019 23:59
2,19727E+11;United States;Android;organic;02.05.2019 23:21;03.05.2019 0:56
5,29887E+11;United States;Mac;organic;02.05.2019 20:16;02.05.2019 20:17
9,77125E+11;United States;iPhone;FaceBoom;02.05.2019 2:19;02.05.2019 2:40
9,31713E+11;United States;iPhone;organic;02.05.2019 23:07;02.05.2019 23:08
83512036139;United States;iPhone;organic;02.05.2019 21:16;02.05.2019 22:44
5,87833E+11;United States;Android;organic;02.05.2019 6:06;02.05.2019 7:32
6,7172E+11;United States;Android;TipTop;02.05.2019 23:33;03.05.2019 0:00
4,7128E+11;United States;Mac;organic;02.05.2019 20:16;02.05.2019 21:41
2,84337E+11;United States;iPhone;TipTop;02.05.2019 8:15;02.05.2019 8:18
2,43642E+11;United States;iPhone;FaceBoom;02.05.2019 19:14;02.05.2019 19:39
6,97652E+11;United States;iPhone;TipTop;02.05.2019 2:09;02.05.2019 3:22
8,2557E+11;United States;iPhone;organic;02.05.2019 17:08;02.05.2019 17:30
2,07096E+11;United States;iPhone;organic;02.05.2019 5:31;02.05.2019 7:56
5,96557E+11;United States;Mac;organic;02.05.2019 1:35;02.05.2019 2:21
3,24689E+11;United States;Mac;organic;02.05.2019 11:55;02.05.2019 12:07
7,98247E+11;United States;iPhone;MediaTornado;02.05.2019 20:14;02.05.2019 20:15
8,61334E+11;United States;iPhone;organic;02.05.2019 2:50;02.05.2019 3:19
1,12116E+11;United States;iPhone;organic;02.05.2019 18:58;02.05.2019 18:58
8,60476E+11;United States;PC;organic;02.05.2019 21:05;02.05.2019 21:47
48831405665;United States;iPhone;organic;02.05.2019 12:09;02.05.2019 12:21
7,12299E+11;United States;Mac;organic;02.05.2019 5:51;02.05.2019 5:53
4,14844E+11;United States;Android;organic;02.05.2019 13:00;02.05.2019 13:11
6,88029E+11;United States;iPhone;MediaTornado;02.05.2019 5:41;02.05.2019 5:50
8,57784E+11;United States;iPhone;organic;02.05.2019 11:17;02.05.2019 12:34
1,76773E+11;United States;iPhone;organic;02.05.2019 18:45;02.05.2019 18:57
4,54223E+11;United States;Android;organic;02.05.2019 3:43;02.05.2019 3:44
6,91373E+11;United States;Mac;TipTop;02.05.2019 11:19;02.05.2019 11:45
2,47712E+11;United States;iPhone;organic;02.05.2019 20:00;02.05.2019 20:33
4,05932E+11;United States;iPhone;FaceBoom;02.05.2019 20:44;02.05.2019 21:14
2,11228E+11;United States;Mac;organic;02.05.2019 7:50;02.05.2019 7:57
7,31654E+11;United States;PC;TipTop;02.05.2019 9:31;02.05.2019 10:04
7,6517E+11;United States;Android;organic;02.05.2019 5:53;02.05.2019 6:31
4,45725E+11;United States;iPhone;TipTop;02.05.2019 21:14;02.05.2019 21:17
8,56976E+11;United States;iPhone;organic;02.05.2019 9:35;02.05.2019 10:27
8,73134E+11;United States;iPhone;FaceBoom;02.05.2019 8:26;02.05.2019 9:17
5,09504E+11;United States;Android;organic;02.05.2019 19:01;02.05.2019 19:22
5,76353E+11;United States;Mac;organic;02.05.2019 7:13;02.05.2019 7:27
5,1092E+11;United States;PC;organic;02.05.2019 5:35;02.05.2019 5:38
5,4681E+11;United States;Android;FaceBoom;02.05.2019 3:14;02.05.2019 3:49
7,66039E+11;United States;Android;FaceBoom;02.05.2019 5:40;02.05.2019 5:41
6,61889E+11;United States;iPhone;organic;02.05.2019 10:44;02.05.2019 10:46
6,92072E+11;United States;iPhone;TipTop;02.05.2019 9:37;02.05.2019 9:54
9,74457E+11;United States;iPhone;FaceBoom;02.05.2019 13:10;02.05.2019 13:19
8,74456E+11;United States;Mac;organic;02.05.2019 3:25;02.05.2019 3:30
7,44725E+11;United States;PC;FaceBoom;02.05.2019 21:36;02.05.2019 22:31
7,02823E+11;United States;Android;organic;02.05.2019 13:25;02.05.2019 14:53
5,48097E+11;United States;iPhone;FaceBoom;02.05.2019 21:22;02.05.2019 21:28
1,13112E+11;United States;PC;organic;02.05.2019 4:51;02.05.2019 5:07
1,6399E+11;United States;Mac;organic;02.05.2019 16:36;02.05.2019 16:48
7,17924E+11;United States;Android;organic;02.05.2019 17:27;02.05.2019 17:48
3,50664E+11;United States;iPhone;FaceBoom;02.05.2019 23:44;03.05.2019 0:04
1,59472E+11;United States;iPhone;organic;02.05.2019 8:32;02.05.2019 8:36
1,36098E+11;United States;Android;organic;02.05.2019 0:19;02.05.2019 0:56
3,02415E+11;United States;Mac;organic;02.05.2019 8:33;02.05.2019 9:25
7,83906E+11;United States;iPhone;TipTop;02.05.2019 0:57;02.05.2019 1:35
2346324608;United States;Mac;organic;02.05.2019 23:00;02.05.2019 23:34
3,37183E+11;United States;Android;FaceBoom;02.05.2019 12:53;02.05.2019 13:50
3,43462E+11;United States;iPhone;MediaTornado;02.05.2019 13:53;02.05.2019 14:39
7,88868E+11;United States;iPhone;organic;02.05.2019 21:55;02.05.2019 22:08
7,75177E+11;United States;Mac;organic;02.05.2019 3:10;02.05.2019 3:39
6,7678E+11;United States;iPhone;organic;02.05.2019 20:03;02.05.2019 20:14
7,11169E+11;United States;iPhone;organic;02.05.2019 0:59;02.05.2019 1:29
1,00186E+11;United States;Android;organic;02.05.2019 2:54;02.05.2019 3:06
6,56778E+11;United States;Android;organic;02.05.2019 14:34;02.05.2019 14:51
3,9243E+11;United States;Mac;organic;02.05.2019 3:15;02.05.2019 3:57
5,18192E+11;United States;Android;organic;02.05.2019 8:49;02.05.2019 8:58
3,70555E+11;United States;Mac;organic;02.05.2019 6:02;02.05.2019 6:10
3,221E+11;United States;iPhone;organic;02.05.2019 13:02;02.05.2019 14:28
7,54877E+11;United States;iPhone;TipTop;02.05.2019 19:26;02.05.2019 19:56
2603833648;United States;Mac;organic;02.05.2019 14:25;02.05.2019 14:58
6,65867E+11;United States;Mac;organic;02.05.2019 12:42;02.05.2019 12:50
3,48403E+11;United States;Mac;organic;02.05.2019 3:04;02.05.2019 3:16
25705002486;United States;iPhone;TipTop;02.05.2019 15:07;02.05.2019 15:31
4805773801;United States;Mac;organic;02.05.2019 8:00;02.05.2019 8:07
3,09087E+11;United States;PC;organic;02.05.2019 16:52;02.05.2019 17:02
4,32024E+11;United States;Android;organic;02.05.2019 17:54;02.05.2019 18:05
1,36079E+11;United States;iPhone;organic;02.05.2019 10:10;02.05.2019 11:52
8,45966E+11;United States;Mac;organic;02.05.2019 3:44;02.05.2019 3:45
8,31275E+11;United States;Mac;organic;02.05.2019 17:09;02.05.2019 17:26
5,44115E+11;United States;Android;organic;02.05.2019 12:14;02.05.2019 12:18
1,41554E+11;United States;Android;organic;02.05.2019 22:48;02.05.2019 22:54
8,57265E+11;United States;iPhone;MediaTornado;02.05.2019 21:24;02.05.2019 21:27
7,70648E+11;United States;Mac;organic;02.05.2019 17:48;02.05.2019 18:02
99637966637;United States;iPhone;organic;02.05.2019 16:16;02.05.2019 16:24
6,41867E+11;United States;iPhone;organic;02.05.2019 2:15;02.05.2019 2:56
5,34575E+11;United States;Mac;organic;02.05.2019 16:42;02.05.2019 17:00
9,28847E+11;United States;PC;organic;02.05.2019 18:48;02.05.2019 18:49
7,84508E+11;United States;Mac;organic;02.05.2019 10:10;02.05.2019 10:39
5,82557E+11;United States;iPhone;organic;02.05.2019 4:07;02.05.2019 4:42
1,67361E+11;United States;PC;organic;02.05.2019 23:48;03.05.2019 0:07
7,55841E+11;United States;iPhone;organic;02.05.2019 2:33;02.05.2019 2:36
2,51664E+11;United States;PC;FaceBoom;02.05.2019 2:41;02.05.2019 3:04
29210193047;United States;iPhone;organic;02.05.2019 2:41;02.05.2019 3:46
7,35968E+11;United States;Mac;FaceBoom;02.05.2019 14:21;02.05.2019 14:40
1,8717E+11;United States;Android;organic;02.05.2019 17:31;02.05.2019 17:36
40244695943;United States;Android;organic;02.05.2019 7:50;02.05.2019 7:51
6,0785E+11;United States;Android;organic;02.05.2019 21:03;02.05.2019 21:44
5,46109E+11;United States;Mac;organic;02.05.2019 16:04;02.05.2019 16:35
9,64164E+11;United States;PC;organic;02.05.2019 13:44;02.05.2019 14:45
8,41209E+11;United States;Mac;FaceBoom;02.05.2019 13:03;02.05.2019 13:10
6,59206E+11;United States;Mac;organic;02.05.2019 6:14;02.05.2019 7:23
37931003126;United States;PC;organic;02.05.2019 13:55;02.05.2019 14:12
2,08676E+11;United States;Android;organic;02.05.2019 1:22;02.05.2019 1:27
9,65252E+11;United States;iPhone;organic;02.05.2019 5:39;02.05.2019 5:40
8,49228E+11;United States;Mac;organic;02.05.2019 0:12;02.05.2019 0:47
8,84998E+11;United States;iPhone;TipTop;02.05.2019 12:39;02.05.2019 14:30
5,89374E+11;United States;Mac;organic;02.05.2019 21:14;02.05.2019 21:24
4,14688E+11;United States;Mac;TipTop;02.05.2019 11:43;02.05.2019 12:53
3,76595E+11;United States;Mac;FaceBoom;02.05.2019 19:17;02.05.2019 20:45
2,26852E+11;United States;Android;FaceBoom;02.05.2019 14:28;02.05.2019 15:09
6,6728E+11;United States;Mac;TipTop;02.05.2019 12:54;02.05.2019 13:03
1,96385E+11;United States;iPhone;organic;02.05.2019 13:52;02.05.2019 14:15
3,58776E+11;United States;Android;organic;02.05.2019 19:38;02.05.2019 20:36
5,98729E+11;United States;iPhone;organic;02.05.2019 17:33;02.05.2019 17:46
4,0981E+11;United States;Android;FaceBoom;02.05.2019 11:20;02.05.2019 11:36
2,19694E+11;United States;iPhone;organic;02.05.2019 13:30;02.05.2019 14:04
3,33134E+11;United States;Android;organic;02.05.2019 3:26;02.05.2019 4:03
5,21703E+11;United States;iPhone;TipTop;02.05.2019 7:24;02.05.2019 7:56
8,24193E+11;United States;iPhone;organic;02.05.2019 17:37;02.05.2019 17:49
2,49388E+11;United States;Android;organic;02.05.2019 12:39;02.05.2019 13:33
5,30629E+11;United States;iPhone;TipTop;02.05.2019 8:00;02.05.2019 8:06
6,8321E+11;United States;Mac;TipTop;02.05.2019 13:08;02.05.2019 14:56
8,232E+11;United States;iPhone;organic;02.05.2019 15:23;02.05.2019 16:05
4,46925E+11;United States;Mac;organic;02.05.2019 17:25;02.05.2019 17:47
5,35405E+11;United States;iPhone;TipTop;02.05.2019 16:00;02.05.2019 16:04
6,56376E+11;United States;Mac;organic;02.05.2019 6:07;02.05.2019 6:33
6,49855E+11;United States;Mac;MediaTornado;02.05.2019 10:26;02.05.2019 10:40
3,74386E+11;United States;Mac;organic;02.05.2019 0:39;02.05.2019 0:59
8,09612E+11;United States;Mac;organic;02.05.2019 6:34;02.05.2019 7:15
6,02191E+11;United States;PC;FaceBoom;02.05.2019 6:19;02.05.2019 7:07
6,17378E+11;United States;iPhone;organic;02.05.2019 23:42;02.05.2019 23:56
5,46729E+11;United States;Android;organic;02.05.2019 1:23;02.05.2019 2:12
9,74982E+11;United States;Mac;organic;02.05.2019 4:25;02.05.2019 4:25
3,18463E+11;United States;Android;organic;02.05.2019 20:56;02.05.2019 21:05
7,87804E+11;United States;Android;organic;02.05.2019 14:26;02.05.2019 15:05
8483889453;United States;Android;FaceBoom;02.05.2019 1:22;02.05.2019 1:33
7,9902E+11;United States;iPhone;FaceBoom;02.05.2019 3:11;02.05.2019 3:15
1,25568E+11;United States;Android;organic;02.05.2019 18:20;02.05.2019 18:37
7,7588E+11;United States;iPhone;organic;02.05.2019 7:00;02.05.2019 8:42
4,42307E+11;United States;iPhone;organic;02.05.2019 15:53;02.05.2019 15:56
4,7598E+11;United States;iPhone;organic;02.05.2019 15:13;02.05.2019 16:04
1,65929E+11;United States;iPhone;FaceBoom;02.05.2019 10:26;02.05.2019 10:43
80050232211;United States;iPhone;organic;02.05.2019 22:26;02.05.2019 22:35
40519982381;United States;Android;organic;02.05.2019 22:43;02.05.2019 23:37
68212023120;United States;iPhone;TipTop;02.05.2019 3:31;02.05.2019 3:43
4,89184E+11;United States;Mac;TipTop;02.05.2019 19:54;02.05.2019 21:00
33328105987;United States;Mac;organic;02.05.2019 11:35;02.05.2019 12:09
1,71478E+11;United States;iPhone;FaceBoom;02.05.2019 18:57;02.05.2019 19:17
9,09791E+11;United States;iPhone;organic;02.05.2019 5:18;02.05.2019 5:35
4,02335E+11;United States;iPhone;organic;02.05.2019 11:19;02.05.2019 11:55
7,0324E+11;United States;iPhone;TipTop;02.05.2019 5:59;02.05.2019 6:18
3,61974E+11;United States;iPhone;organic;02.05.2019 4:01;02.05.2019 4:34
6,19673E+11;United States;Mac;organic;02.05.2019 19:15;02.05.2019 19:58
95693474686;United States;Android;organic;02.05.2019 12:05;02.05.2019 12:27
5,50192E+11;United States;iPhone;MediaTornado;02.05.2019 15:14;02.05.2019 15:33
1,89596E+11;United States;iPhone;MediaTornado;02.05.2019 4:22;02.05.2019 4:26
6,39172E+11;United States;iPhone;FaceBoom;02.05.2019 0:19;02.05.2019 0:24
5,03394E+11;United States;Android;organic;02.05.2019 19:08;02.05.2019 20:13
1,78373E+11;United States;PC;organic;02.05.2019 11:59;02.05.2019 12:19
8,17971E+11;United States;Mac;organic;02.05.2019 16:26;02.05.2019 17:10
4,99124E+11;United States;iPhone;organic;02.05.2019 10:05;02.05.2019 10:11
6,90208E+11;United States;iPhone;TipTop;02.05.2019 9:31;02.05.2019 9:39
6,68438E+11;United States;Android;FaceBoom;02.05.2019 7:16;02.05.2019 8:09
2,21093E+11;United States;iPhone;organic;02.05.2019 17:43;02.05.2019 18:24
9,79226E+11;United States;iPhone;organic;02.05.2019 9:02;02.05.2019 9:03
2,2045E+11;United States;PC;FaceBoom;02.05.2019 0:43;02.05.2019 1:07
6,26405E+11;United States;iPhone;FaceBoom;02.05.2019 22:22;02.05.2019 22:34
69209036971;United States;PC;organic;02.05.2019 23:13;02.05.2019 23:24
8,12488E+11;United States;Mac;FaceBoom;02.05.2019 13:43;02.05.2019 14:04
7,31314E+11;United States;Mac;FaceBoom;02.05.2019 13:48;02.05.2019 14:13
6,33064E+11;United States;iPhone;TipTop;02.05.2019 19:31;02.05.2019 20:07
2,02661E+11;United States;PC;MediaTornado;02.05.2019 23:21;02.05.2019 23:29
7,6958E+11;United States;Mac;organic;02.05.2019 9:06;02.05.2019 9:12
9,5235E+11;United States;Mac;organic;02.05.2019 9:38;02.05.2019 9:49
4,30914E+11;United States;iPhone;organic;02.05.2019 13:55;02.05.2019 14:14
1,18589E+11;United States;iPhone;TipTop;02.05.2019 22:09;02.05.2019 23:06
9,81335E+11;United States;Mac;organic;02.05.2019 4:21;02.05.2019 4:23
9,54994E+11;United States;Mac;organic;02.05.2019 17:06;02.05.2019 17:08
5,86656E+11;United States;iPhone;organic;02.05.2019 13:37;02.05.2019 13:41
9,28165E+11;United States;Mac;TipTop;02.05.2019 6:15;02.05.2019 6:27
7,93023E+11;United States;Mac;organic;02.05.2019 9:55;02.05.2019 10:50
9,56274E+11;United States;iPhone;organic;02.05.2019 18:47;02.05.2019 19:53
1,13236E+11;United States;Mac;FaceBoom;02.05.2019 6:18;02.05.2019 6:29
7,9324E+11;United States;Android;organic;02.05.2019 23:37;02.05.2019 23:55
4,47688E+11;United States;Mac;organic;02.05.2019 3:37;02.05.2019 4:00
9,43583E+11;United States;Mac;organic;02.05.2019 8:48;02.05.2019 9:44
8,1466E+11;United States;Android;MediaTornado;02.05.2019 15:39;02.05.2019 15:47
2,76368E+11;United States;iPhone;TipTop;02.05.2019 8:27;02.05.2019 9:07
7,9234E+11;United States;Mac;organic;02.05.2019 15:07;02.05.2019 15:08
1,79437E+11;United States;Mac;organic;02.05.2019 13:10;02.05.2019 13:39
5,68055E+11;United States;iPhone;organic;02.05.2019 22:23;02.05.2019 22:30
85131804767;United States;iPhone;organic;02.05.2019 16:09;02.05.2019 16:15
9,77468E+11;United States;Android;TipTop;02.05.2019 8:24;02.05.2019 8:49
8,69204E+11;United States;iPhone;TipTop;02.05.2019 1:52;02.05.2019 2:34
2,13026E+11;United States;iPhone;FaceBoom;02.05.2019 23:11;02.05.2019 23:18
99394501466;United States;iPhone;organic;02.05.2019 15:27;02.05.2019 16:30
5,31058E+11;United States;Android;organic;02.05.2019 14:22;02.05.2019 14:36
30151057966;United States;Android;organic;02.05.2019 5:50;02.05.2019 7:29
8,96942E+11;United States;Android;organic;02.05.2019 0:51;02.05.2019 1:36
5,91057E+11;United States;Mac;FaceBoom;02.05.2019 23:15;02.05.2019 23:43
4,1294E+11;United States;PC;organic;02.05.2019 8:07;02.05.2019 8:09
3,35432E+11;United States;iPhone;organic;02.05.2019 18:41;02.05.2019 19:07
8,46778E+11;United States;Mac;organic;02.05.2019 16:25;02.05.2019 17:07
2,32135E+11;United States;iPhone;organic;02.05.2019 17:49;02.05.2019 18:00
3,42268E+11;United States;iPhone;organic;02.05.2019 9:55;02.05.2019 11:26
4,95165E+11;United States;PC;TipTop;02.05.2019 21:16;02.05.2019 21:39
6,46569E+11;United States;PC;organic;02.05.2019 2:48;02.05.2019 2:52
8,39072E+11;United States;iPhone;organic;02.05.2019 5:02;02.05.2019 6:07
37986225341;United States;PC;organic;02.05.2019 5:42;02.05.2019 5:51
7,11348E+11;United States;iPhone;organic;02.05.2019 10:09;02.05.2019 10:09
1,56541E+11;United States;iPhone;organic;02.05.2019 0:05;02.05.2019 0:07
39709318658;United States;Mac;organic;02.05.2019 17:36;02.05.2019 17:36
6,78659E+11;United States;Android;organic;02.05.2019 3:03;02.05.2019 3:46
2,3765E+11;United States;PC;organic;02.05.2019 12:36;02.05.2019 13:36
4,26875E+11;United States;iPhone;organic;02.05.2019 4:30;02.05.2019 5:12
7,36932E+11;United States;Android;organic;02.05.2019 10:50;02.05.2019 10:57
4,6574E+11;United States;Mac;organic;02.05.2019 23:37;02.05.2019 23:51
5,43579E+11;United States;iPhone;TipTop;02.05.2019 1:15;02.05.2019 1:52
8,72111E+11;United States;iPhone;organic;02.05.2019 3:36;02.05.2019 4:46
50209858587;United States;iPhone;organic;02.05.2019 0:33;02.05.2019 0:47
3,79016E+11;United States;Mac;FaceBoom;02.05.2019 1:11;02.05.2019 1:13
5,68556E+11;United States;iPhone;FaceBoom;02.05.2019 19:48;02.05.2019 20:56
6,96938E+11;United States;Mac;organic;02.05.2019 8:17;02.05.2019 8:30
6,57028E+11;United States;Android;organic;02.05.2019 11:23;02.05.2019 11:27
8,01742E+11;United States;iPhone;organic;02.05.2019 21:52;02.05.2019 22:41
1,84072E+11;United States;iPhone;organic;02.05.2019 2:02;02.05.2019 2:32
9,52096E+11;United States;Mac;organic;02.05.2019 6:25;02.05.2019 6:28
38904539184;United States;iPhone;organic;02.05.2019 11:17;02.05.2019 11:40
4,99817E+11;United States;iPhone;TipTop;02.05.2019 16:39;02.05.2019 16:59
8,20294E+11;United States;Android;FaceBoom;02.05.2019 23:21;02.05.2019 23:30
1,51979E+11;United States;Mac;organic;02.05.2019 17:04;02.05.2019 17:33
9,51034E+11;United States;iPhone;organic;02.05.2019 9:40;02.05.2019 10:40
8,90009E+11;United States;Android;MediaTornado;02.05.2019 11:34;02.05.2019 12:39
1,49665E+11;United States;Mac;organic;02.05.2019 1:08;02.05.2019 1:11
3,57683E+11;United States;iPhone;organic;02.05.2019 21:21;02.05.2019 22:38
6,12122E+11;United States;iPhone;organic;02.05.2019 23:16;02.05.2019 23:20
9,58263E+11;United States;iPhone;FaceBoom;02.05.2019 20:16;02.05.2019 20:27
7,20307E+11;United States;iPhone;organic;02.05.2019 3:28;02.05.2019 3:49
3,06238E+11;United States;Mac;organic;02.05.2019 23:26;03.05.2019 0:32
5,84935E+11;United States;PC;TipTop;02.05.2019 13:41;02.05.2019 13:51
1,22486E+11;United States;iPhone;TipTop;02.05.2019 11:06;02.05.2019 11:58
9,05746E+11;United States;iPhone;organic;02.05.2019 15:19;02.05.2019 15:20
3,9791E+11;United States;Mac;organic;02.05.2019 11:35;02.05.2019 12:10
7,74607E+11;United States;iPhone;FaceBoom;02.05.2019 8:15;02.05.2019 8:53
4,62688E+11;United States;iPhone;FaceBoom;02.05.2019 1:31;02.05.2019 1:57
59452272130;United States;Android;organic;02.05.2019 22:41;02.05.2019 22:54
3,49073E+11;United States;iPhone;organic;02.05.2019 2:39;02.05.2019 3:42
4,79283E+11;United States;iPhone;organic;02.05.2019 8:11;02.05.2019 9:04
8,88235E+11;United States;Android;organic;02.05.2019 5:55;02.05.2019 6:04
5,02975E+11;United States;iPhone;TipTop;02.05.2019 4:52;02.05.2019 5:40
5,67351E+11;United States;iPhone;organic;02.05.2019 9:40;02.05.2019 10:31
3,6828E+11;United States;iPhone;FaceBoom;02.05.2019 22:44;02.05.2019 22:58
3,90599E+11;United States;Mac;organic;02.05.2019 3:38;02.05.2019 4:21
4,76502E+11;United States;iPhone;organic;02.05.2019 18:48;02.05.2019 20:14
9,8309E+11;United States;PC;organic;02.05.2019 17:26;02.05.2019 17:40
6,05921E+11;United States;iPhone;TipTop;02.05.2019 9:30;02.05.2019 9:45
31001027926;United States;PC;organic;02.05.2019 11:44;02.05.2019 11:44
8,8549E+11;United States;iPhone;organic;02.05.2019 17:48;02.05.2019 19:06
3,32044E+11;United States;Android;TipTop;02.05.2019 20:57;02.05.2019 21:12
8,60253E+11;United States;iPhone;TipTop;02.05.2019 0:55;02.05.2019 1:52
6,66957E+11;United States;PC;organic;02.05.2019 18:31;02.05.2019 18:38
1,50077E+11;United States;iPhone;FaceBoom;02.05.2019 11:47;02.05.2019 11:48
8,5774E+11;United States;iPhone;organic;02.05.2019 2:09;02.05.2019 2:40
6,33714E+11;United States;Mac;TipTop;02.05.2019 23:54;03.05.2019 0:04
2,83486E+11;United States;iPhone;organic;02.05.2019 2:20;02.05.2019 2:52
1,28712E+11;United States;iPhone;organic;02.05.2019 4:07;02.05.2019 4:11
9,70904E+11;United States;PC;organic;02.05.2019 14:20;02.05.2019 14:33
4,64782E+11;United States;iPhone;MediaTornado;02.05.2019 8:36;02.05.2019 8:39
29207867692;United States;Android;FaceBoom;02.05.2019 17:26;02.05.2019 17:32
6,70123E+11;United States;Mac;organic;02.05.2019 1:50;02.05.2019 2:16
4,76889E+11;United States;Mac;organic;02.05.2019 23:25;02.05.2019 23:28
8,74715E+11;United States;Android;MediaTornado;02.05.2019 15:58;02.05.2019 16:21
3,87873E+11;United States;iPhone;organic;02.05.2019 5:38;02.05.2019 5:55
1,45438E+11;United States;iPhone;TipTop;02.05.2019 8:14;02.05.2019 8:57
7,4181E+11;United States;Android;FaceBoom;02.05.2019 18:28;02.05.2019 18:39
8,19012E+11;United States;iPhone;organic;02.05.2019 8:58;02.05.2019 9:43
5,18674E+11;United States;Android;organic;02.05.2019 22:38;02.05.2019 22:50
7,18278E+11;United States;iPhone;FaceBoom;02.05.2019 3:49;02.05.2019 3:53
2,02763E+11;United States;iPhone;organic;02.05.2019 11:20;02.05.2019 11:52
8,16145E+11;United States;iPhone;organic;02.05.2019 2:57;02.05.2019 3:15
2,88191E+11;United States;iPhone;FaceBoom;02.05.2019 16:46;02.05.2019 16:59
5,88216E+11;United States;Android;organic;02.05.2019 0:41;02.05.2019 1:04
73681017263;United States;iPhone;organic;02.05.2019 7:04;02.05.2019 7:07
8,00736E+11;United States;iPhone;FaceBoom;02.05.2019 4:04;02.05.2019 4:21
6,03194E+11;United States;iPhone;organic;02.05.2019 7:41;02.05.2019 8:15
1,10372E+11;United States;PC;organic;02.05.2019 10:12;02.05.2019 10:56
6,39657E+11;United States;Android;MediaTornado;02.05.2019 14:41;02.05.2019 14:54
5,48557E+11;United States;iPhone;MediaTornado;02.05.2019 3:54;02.05.2019 4:35
8,39072E+11;United States;iPhone;organic;02.05.2019 5:22;02.05.2019 6:19
7,34663E+11;United States;iPhone;organic;02.05.2019 17:35;02.05.2019 18:01
4,02765E+11;United States;iPhone;organic;02.05.2019 18:37;02.05.2019 18:54
1,31664E+11;United States;iPhone;organic;02.05.2019 18:17;02.05.2019 18:32
8,78657E+11;United States;iPhone;TipTop;02.05.2019 8:06;02.05.2019 8:09
8,61533E+11;United States;Android;organic;02.05.2019 19:03;02.05.2019 19:33
7,53424E+11;United States;iPhone;organic;02.05.2019 17:53;02.05.2019 17:59
9,69549E+11;United States;Android;organic;02.05.2019 9:06;02.05.2019 9:23
72446082692;United States;iPhone;TipTop;02.05.2019 5:26;02.05.2019 5:27
9,16867E+11;United States;iPhone;organic;02.05.2019 7:56;02.05.2019 8:42
9,57796E+11;United States;Mac;FaceBoom;02.05.2019 4:55;02.05.2019 5:03
7,33121E+11;United States;Mac;organic;02.05.2019 6:11;02.05.2019 7:28
6,93617E+11;United States;iPhone;FaceBoom;02.05.2019 7:16;02.05.2019 8:14
47032430799;United States;iPhone;organic;02.05.2019 6:31;02.05.2019 6:40
8,18277E+11;United States;Mac;organic;02.05.2019 22:44;03.05.2019 0:26
8,87153E+11;United States;iPhone;organic;02.05.2019 16:33;02.05.2019 16:41
4,77379E+11;United States;Mac;organic;02.05.2019 0:53;02.05.2019 1:14
1,35546E+11;United States;iPhone;TipTop;02.05.2019 8:57;02.05.2019 9:14
5,53959E+11;United States;Android;MediaTornado;02.05.2019 19:24;02.05.2019 19:36
1,57474E+11;United States;PC;organic;02.05.2019 22:44;02.05.2019 22:48
6,51838E+11;United States;Android;organic;02.05.2019 21:06;02.05.2019 21:33
19814672566;United States;Android;FaceBoom;02.05.2019 15:14;02.05.2019 15:17
2,8489E+11;United States;iPhone;organic;02.05.2019 14:45;02.05.2019 15:09
3,88017E+11;United States;PC;organic;02.05.2019 16:53;02.05.2019 17:51
13902377582;United States;PC;organic;02.05.2019 23:20;02.05.2019 23:22
5,09469E+11;United States;iPhone;TipTop;02.05.2019 20:02;02.05.2019 20:44
9,12197E+11;United States;Mac;organic;02.05.2019 13:58;02.05.2019 14:08
1,00728E+11;United States;iPhone;organic;02.05.2019 14:46;02.05.2019 15:22
36923437044;United States;iPhone;organic;02.05.2019 2:41;02.05.2019 3:18
9,1913E+11;United States;iPhone;organic;02.05.2019 1:00;02.05.2019 1:54
2,77722E+11;United States;Mac;FaceBoom;02.05.2019 10:24;02.05.2019 10:32
6,054E+11;United States;Mac;organic;02.05.2019 9:19;02.05.2019 9:38
8,18357E+11;United States;Android;organic;02.05.2019 7:32;02.05.2019 7:48
2,96847E+11;United States;Mac;organic;02.05.2019 9:55;02.05.2019 10:11
8,68251E+11;United States;iPhone;FaceBoom;02.05.2019 10:42;02.05.2019 11:30
14104306753;United States;Android;organic;02.05.2019 13:17;02.05.2019 15:01
9,34349E+11;United States;iPhone;organic;02.05.2019 4:41;02.05.2019 5:32
1,40375E+11;United States;Android;organic;02.05.2019 1:22;02.05.2019 2:40
36584662832;United States;iPhone;FaceBoom;02.05.2019 14:03;02.05.2019 15:03
7,71948E+11;United States;iPhone;TipTop;02.05.2019 16:00;02.05.2019 16:01
4,77611E+11;United States;iPhone;organic;02.05.2019 18:59;02.05.2019 20:13
3,29361E+11;United States;Mac;organic;02.05.2019 13:18;02.05.2019 13:34
2,19377E+11;United States;iPhone;organic;02.05.2019 21:07;02.05.2019 21:29
6,7518E+11;United States;iPhone;FaceBoom;02.05.2019 15:33;02.05.2019 15:54
9,51954E+11;United States;PC;organic;02.05.2019 9:19;02.05.2019 10:12
4,78929E+11;United States;iPhone;organic;02.05.2019 8:10;02.05.2019 8:20
2,83245E+11;United States;Mac;organic;02.05.2019 21:15;02.05.2019 21:42
8,29052E+11;United States;PC;organic;02.05.2019 14:48;02.05.2019 15:10
9,66802E+11;United States;iPhone;MediaTornado;02.05.2019 10:53;02.05.2019 11:29
2,56836E+11;United States;Mac;organic;02.05.2019 0:03;02.05.2019 0:03
4,91143E+11;United States;iPhone;organic;03.05.2019 7:58;03.05.2019 9:00
86600232995;United States;Android;organic;03.05.2019 10:02;03.05.2019 10:12
7,14713E+11;United States;Android;MediaTornado;03.05.2019 22:34;03.05.2019 22:39
8,86061E+11;United States;Mac;organic;03.05.2019 4:30;03.05.2019 5:27
69009997544;United States;iPhone;organic;03.05.2019 17:31;03.05.2019 17:59
76142958026;United States;iPhone;organic;03.05.2019 2:58;03.05.2019 3:28
1,17894E+11;United States;Mac;TipTop;03.05.2019 23:28;03.05.2019 23:56
6,59753E+11;United States;Android;FaceBoom;03.05.2019 12:21;03.05.2019 12:32
4,71852E+11;United States;iPhone;FaceBoom;03.05.2019 17:08;03.05.2019 18:21
3,21053E+11;United States;iPhone;organic;03.05.2019 10:35;03.05.2019 10:36
8,0101E+11;United States;iPhone;organic;03.05.2019 3:13;03.05.2019 3:33
1,16599E+11;United States;iPhone;organic;03.05.2019 0:55;03.05.2019 0:58
3,5855E+11;United States;Mac;TipTop;03.05.2019 23:03;03.05.2019 23:06
5,3185E+11;United States;iPhone;organic;03.05.2019 18:58;03.05.2019 19:23
9,04948E+11;United States;Android;organic;03.05.2019 4:44;03.05.2019 4:56
9,32359E+11;United States;Android;organic;03.05.2019 23:17;03.05.2019 23:37
8,2163E+11;United States;iPhone;organic;03.05.2019 5:48;03.05.2019 5:55
7,60186E+11;United States;Android;organic;03.05.2019 23:21;04.05.2019 0:09
2,21471E+11;United States;iPhone;organic;03.05.2019 18:35;03.05.2019 18:45
6,69893E+11;United States;Mac;organic;03.05.2019 2:53;03.05.2019 2:58
2,8747E+11;United States;Android;FaceBoom;03.05.2019 8:52;03.05.2019 8:58
6,09704E+11;United States;Android;organic;03.05.2019 1:11;03.05.2019 2:46
69849705504;United States;Android;FaceBoom;03.05.2019 3:03;03.05.2019 3:40
6,98633E+11;United States;iPhone;TipTop;03.05.2019 11:37;03.05.2019 11:38
9,30449E+11;United States;iPhone;organic;03.05.2019 16:07;03.05.2019 17:25
9,71239E+11;United States;iPhone;TipTop;03.05.2019 23:00;03.05.2019 23:41
1,0794E+11;United States;iPhone;organic;03.05.2019 1:44;03.05.2019 1:55
9,40522E+11;United States;Android;organic;03.05.2019 3:26;03.05.2019 3:46
1,75464E+11;United States;iPhone;TipTop;03.05.2019 14:45;03.05.2019 15:28
7,61198E+11;United States;iPhone;MediaTornado;03.05.2019 4:42;03.05.2019 5:17
4,13775E+11;United States;Android;TipTop;03.05.2019 9:41;03.05.2019 10:37
4,87651E+11;United States;iPhone;organic;03.05.2019 15:10;03.05.2019 15:23
6,05639E+11;United States;iPhone;organic;03.05.2019 12:01;03.05.2019 12:41
3,82876E+11;United States;iPhone;organic;03.05.2019 18:50;03.05.2019 19:15
6,69474E+11;United States;Mac;organic;03.05.2019 6:45;03.05.2019 7:54
6,86494E+11;United States;iPhone;organic;03.05.2019 19:21;03.05.2019 21:23
8,84479E+11;United States;iPhone;organic;03.05.2019 3:49;03.05.2019 4:00
3,53681E+11;United States;Mac;organic;03.05.2019 12:52;03.05.2019 13:59
5,03033E+11;United States;iPhone;organic;03.05.2019 13:02;03.05.2019 13:10
2,31856E+11;United States;iPhone;FaceBoom;03.05.2019 13:42;03.05.2019 13:45
3,39566E+11;United States;iPhone;FaceBoom;03.05.2019 10:55;03.05.2019 11:39
9,13604E+11;United States;Mac;organic;03.05.2019 15:50;03.05.2019 16:34
1,36621E+11;United States;Android;organic;03.05.2019 11:29;03.05.2019 11:37
4,46073E+11;United States;Mac;MediaTornado;03.05.2019 20:16;03.05.2019 20:20
6,93953E+11;United States;PC;organic;03.05.2019 17:18;03.05.2019 17:50
1,55201E+11;United States;iPhone;organic;03.05.2019 8:33;03.05.2019 9:15
5,8765E+11;United States;Android;organic;03.05.2019 15:02;03.05.2019 15:36
4,23175E+11;United States;iPhone;MediaTornado;03.05.2019 23:31;04.05.2019 0:08
7,74898E+11;United States;Mac;organic;03.05.2019 22:55;03.05.2019 22:59
4,82589E+11;United States;Android;MediaTornado;03.05.2019 6:13;03.05.2019 6:19
4,55462E+11;United States;iPhone;TipTop;03.05.2019 7:49;03.05.2019 8:16
7,28628E+11;United States;Mac;organic;03.05.2019 22:17;03.05.2019 22:25
6,0781E+11;United States;PC;organic;03.05.2019 20:45;03.05.2019 20:54
9,69278E+11;United States;iPhone;organic;03.05.2019 15:26;03.05.2019 15:32
6,0011E+11;United States;Android;organic;03.05.2019 2:53;03.05.2019 3:20
6,81025E+11;United States;Mac;MediaTornado;03.05.2019 12:09;03.05.2019 12:32
1,66915E+11;United States;iPhone;organic;03.05.2019 14:36;03.05.2019 15:03
4,56278E+11;United States;PC;organic;03.05.2019 0:42;03.05.2019 1:32
1,6089E+11;United States;iPhone;organic;03.05.2019 5:49;03.05.2019 6:17
9,75786E+11;United States;iPhone;organic;03.05.2019 14:11;03.05.2019 16:04
17581148006;United States;iPhone;TipTop;03.05.2019 9:52;03.05.2019 9:57
4,73572E+11;United States;Mac;FaceBoom;03.05.2019 13:28;03.05.2019 13:44
2,65806E+11;United States;Mac;FaceBoom;03.05.2019 0:55;03.05.2019 0:55
7,7039E+11;United States;iPhone;organic;03.05.2019 17:14;03.05.2019 17:30
1,99005E+11;United States;PC;organic;03.05.2019 12:59;03.05.2019 13:33
8,59625E+11;United States;Mac;FaceBoom;03.05.2019 3:03;03.05.2019 3:16
54518467708;United States;Mac;MediaTornado;03.05.2019 20:33;03.05.2019 21:26
1,61688E+11;United States;iPhone;organic;03.05.2019 20:15;03.05.2019 20:46
8,89257E+11;United States;iPhone;organic;03.05.2019 6:37;03.05.2019 8:15
5,27565E+11;United States;Mac;organic;03.05.2019 8:51;03.05.2019 9:11
5,96684E+11;United States;iPhone;FaceBoom;03.05.2019 3:44;03.05.2019 5:11
9,00887E+11;United States;Mac;organic;03.05.2019 23:22;03.05.2019 23:40
9,80671E+11;United States;iPhone;TipTop;03.05.2019 19:18;03.05.2019 19:19
8,91441E+11;United States;iPhone;organic;03.05.2019 1:16;03.05.2019 1:30
18955312331;United States;Android;organic;03.05.2019 18:54;03.05.2019 19:29
1,61306E+11;United States;iPhone;organic;03.05.2019 4:24;03.05.2019 4:45
7,93675E+11;United States;Mac;organic;03.05.2019 1:32;03.05.2019 2:02
2,62676E+11;United States;Android;organic;03.05.2019 5:57;03.05.2019 7:22
7,52873E+11;United States;Mac;organic;03.05.2019 22:18;03.05.2019 22:56
8,12559E+11;United States;Mac;organic;03.05.2019 2:47;03.05.2019 3:07
3,9532E+11;United States;Mac;TipTop;03.05.2019 4:26;03.05.2019 4:40
2,65569E+11;United States;iPhone;FaceBoom;03.05.2019 22:38;03.05.2019 23:09
9,57536E+11;United States;Mac;organic;03.05.2019 8:59;03.05.2019 11:33
4,62593E+11;United States;Mac;FaceBoom;03.05.2019 16:31;03.05.2019 18:11
7,5786E+11;United States;iPhone;FaceBoom;03.05.2019 23:08;03.05.2019 23:10
7,84885E+11;United States;iPhone;TipTop;04.05.2019 23:46;04.05.2019 23:52
7,62505E+11;United States;iPhone;MediaTornado;04.05.2019 21:16;04.05.2019 21:18
1,7268E+11;United States;Android;TipTop;04.05.2019 18:53;04.05.2019 19:24
2,26504E+11;United States;iPhone;FaceBoom;04.05.2019 14:27;04.05.2019 15:31
6637059910;United States;iPhone;organic;04.05.2019 20:41;04.05.2019 20:41
6,52305E+11;United States;Mac;organic;04.05.2019 15:14;04.05.2019 16:48
3,50236E+11;United States;PC;TipTop;04.05.2019 6:41;04.05.2019 6:49
3,01452E+11;United States;iPhone;FaceBoom;04.05.2019 21:39;04.05.2019 23:19
5,42202E+11;United States;Mac;organic;04.05.2019 13:48;04.05.2019 14:08
9,14062E+11;United States;PC;organic;04.05.2019 10:53;04.05.2019 11:36
7,38228E+11;United States;Mac;organic;04.05.2019 21:11;04.05.2019 21:17
64474110919;United States;iPhone;organic;04.05.2019 0:24;04.05.2019 0:58
3,53725E+11;United States;Android;TipTop;04.05.2019 16:42;04.05.2019 17:01
8,61181E+11;United States;Mac;organic;04.05.2019 7:52;04.05.2019 8:01
4,10845E+11;United States;Android;TipTop;04.05.2019 5:26;04.05.2019 6:19
6,86573E+11;United States;Android;TipTop;04.05.2019 17:42;04.05.2019 18:06
5,55066E+11;United States;iPhone;TipTop;04.05.2019 23:32;04.05.2019 23:38
7,71716E+11;United States;Android;TipTop;04.05.2019 19:32;04.05.2019 19:48
74352279110;United States;iPhone;TipTop;04.05.2019 0:13;04.05.2019 0:26
6,08683E+11;United States;Android;FaceBoom;04.05.2019 3:33;04.05.2019 3:46
8,75326E+11;United States;Mac;organic;04.05.2019 3:01;04.05.2019 3:15
